<?xml version="1.0"?>
<?xml-stylesheet type="text/xsl" href="configuration.xsl"?>

<!--
   Licensed to the Apache Software Foundation (ASF) under one or more
   contributor license agreements.  See the NOTICE file distributed with
   this work for additional information regarding copyright ownership.
   The ASF licenses this file to You under the Apache License, Version 2.0
   (the "License"); you may not use this file except in compliance with
   the License.  You may obtain a copy of the License at

       http://www.apache.org/licenses/LICENSE-2.0

   Unless required by applicable law or agreed to in writing, software
   distributed under the License is distributed on an "AS IS" BASIS,
   WITHOUT WARRANTIES OR CONDITIONS OF ANY KIND, either express or implied.
   See the License for the specific language governing permissions and
   limitations under the License.
-->

<!-- Do not modify this file directly.  Instead, copy entries that you -->
<!-- wish to modify from this file into hdfs-site.xml and change them -->
<!-- there.  If hdfs-site.xml does not already exist, create it.      -->

<configuration>

<property>
  <name>dfs.nameservices</name>
  <value>hadoop-test</value>
  <description>
    Comma-separated list of nameservices.
  </description>
</property>

<property>
  <name>dfs.ha.namenodes.hadoop-test</name>
  <value>nn1,nn2</value>
  <description>
    The prefix for a given nameservice, contains a comma-separated
    list of namenodes for a given nameservice (eg EXAMPLENAMESERVICE).
  </description>
</property>

<property>
  <name>dfs.namenode.rpc-address.hadoop-test.nn1</name>
  <value>SY-0217:8020</value>
  <description>
    RPC address for nomenode1 of hadoop-test
  </description>
</property>

<property>
  <name>dfs.namenode.rpc-address.hadoop-test.nn2</name>
  <value>SY-0355:8020</value>
  <description>
    RPC address for nomenode2 of hadoop-test
  </description>
</property>

<property>
  <name>dfs.namenode.http-address.hadoop-test.nn1</name>
  <value>SY-0217:50070</value>
  <description>
    The address and the base port where the dfs namenode1 web ui will listen on.
  </description>
</property>

<property>
  <name>dfs.namenode.http-address.hadoop-test.nn2</name>
  <value>SY-0355:50070</value>
  <description>
    The address and the base port where the dfs namenode2 web ui will listen on.
  </description>
</property>

<property>
  <name>dfs.namenode.name.dir</name>
  <value>file:///home/dongxicheng/hadoop/hdfs/name</value>
  <description>Determines where on the local filesystem the DFS name node
      should store the name table(fsimage).  If this is a comma-delimited list
      of directories then the name table is replicated in all of the
      directories, for redundancy. </description>
</property>

<property>
  <name>dfs.namenode.shared.edits.dir</name>
  <value>qjournal://SY-0355:8485;SY-0225:8485;SY-0226:8485/hadoop-test</value>
  <description>A directory on shared storage between the multiple namenodes
  in an HA cluster. This directory will be written by the active and read
  by the standby in order to keep the namespaces synchronized. This directory
  does not need to be listed in dfs.namenode.edits.dir above. It should be
  left empty in a non-HA cluster.
  </description>
</property>

<property>
  <name>dfs.datanode.data.dir</name>
  <value>file:///home/dongxicheng/hadoop/hdfs/data</value>
  <description>Determines where on the local filesystem an DFS data node
  should store its blocks.  If this is a comma-delimited
  list of directories, then data will be stored in all named
  directories, typically on different devices.
  Directories that do not exist are ignored.
  </description>
</property>

<property>
  <name>dfs.ha.automatic-failover.enabled</name>
  <value>false</value>
  <description>
    Whether automatic failover is enabled. See the HDFS High
    Availability documentation for details on automatic HA
    configuration.
  </description>
</property>

<property>
  <name>dfs.journalnode.edits.dir</name>
  <value>/home/dongxicheng/hadoop/hdfs/journal/</value>
</property>

</configuration>
