<?xml version="1.0"?>
<!--
   Licensed to the Apache Software Foundation (ASF) under one or more
   contributor license agreements.  See the NOTICE file distributed with
   this work for additional information regarding copyright ownership.
   The ASF licenses this file to You under the Apache License, Version 2.0
   (the "License"); you may not use this file except in compliance with
   the License.  You may obtain a copy of the License at

       http://www.apache.org/licenses/LICENSE-2.0

   Unless required by applicable law or agreed to in writing, software
   distributed under the License is distributed on an "AS IS" BASIS,
   WITHOUT WARRANTIES OR CONDITIONS OF ANY KIND, either express or implied.
   See the License for the specific language governing permissions and
   limitations under the License.
-->
<?xml-stylesheet type="text/xsl" href="configuration.xsl"?>

<!-- Do not modify this file directly.  Instead, copy entries that you -->
<!-- wish to modify from this file into mapred-site.xml and change them -->
<!-- there.  If mapred-site.xml does not already exist, create it.      -->

<configuration>

<!-- MR YARN Application properties -->

<property>
  <name>mapreduce.framework.name</name>
  <value>yarn</value>
  <description>The runtime framework for executing MapReduce jobs.
  Can be one of local, classic or yarn.
  </description>
</property>

<!-- jobhistory properties -->
<property>
  <name>mapreduce.jobhistory.address</name>
  <value>SY-0355:10020</value>
  <description>MapReduce JobHistory Server IPC host:port</description>
</property>

<property>
  <name>mapreduce.jobhistory.webapp.address</name>
  <value>SY-0355:19888</value>
  <description>MapReduce JobHistory Server Web UI host:port</description>
</property>

</configuration>
