<?xml version="1.0"?>
<?xml-stylesheet type="text/xsl" href="configuration.xsl"?>

<!--
   Licensed to the Apache Software Foundation (ASF) under one or more
   contributor license agreements.  See the NOTICE file distributed with
   this work for additional information regarding copyright ownership.
   The ASF licenses this file to You under the Apache License, Version 2.0
   (the "License"); you may not use this file except in compliance with
   the License.  You may obtain a copy of the License at

       http://www.apache.org/licenses/LICENSE-2.0

   Unless required by applicable law or agreed to in writing, software
   distributed under the License is distributed on an "AS IS" BASIS,
   WITHOUT WARRANTIES OR CONDITIONS OF ANY KIND, either express or implied.
   See the License for the specific language governing permissions and
   limitations under the License.
-->

<!-- Do not modify this file directly.  Instead, copy entries that you -->
<!-- wish to modify from this file into yarn-site.xml and change them -->
<!-- there.  If yarn-site.xml does not already exist, create it.      -->

<configuration>
  
  <!-- Resource Manager Configs -->
  <property>
    <description>The hostname of the RM.</description>
    <name>yarn.resourcemanager.hostname</name>
    <value>SY-0217</value>
  </property>    
  
  <property>
    <description>The address of the applications manager interface in the RM.</description>
    <name>yarn.resourcemanager.address</name>
    <value>${yarn.resourcemanager.hostname}:8032</value>
  </property>

  <property>
    <description>The address of the scheduler interface.</description>
    <name>yarn.resourcemanager.scheduler.address</name>
    <value>${yarn.resourcemanager.hostname}:8030</value>
  </property>

  <property>
    <description>The http address of the RM web application.</description>
    <name>yarn.resourcemanager.webapp.address</name>
    <value>${yarn.resourcemanager.hostname}:8088</value>
  </property>

  <property>
    <description>The https adddress of the RM web application.</description>
    <name>yarn.resourcemanager.webapp.https.address</name>
    <value>${yarn.resourcemanager.hostname}:8090</value>
  </property>

  <property>
    <name>yarn.resourcemanager.resource-tracker.address</name>
    <value>${yarn.resourcemanager.hostname}:8031</value>
  </property>

  <property>
    <description>The address of the RM admin interface.</description>
    <name>yarn.resourcemanager.admin.address</name>
    <value>${yarn.resourcemanager.hostname}:8033</value>
  </property>

  <property>
    <description>The class to use as the resource scheduler.</description>
    <name>yarn.resourcemanager.scheduler.class</name>
    <value>org.apache.hadoop.yarn.server.resourcemanager.scheduler.fair.FairScheduler</value>
  </property>

  <property>
    <description>fair-scheduler conf location</description>
    <name>yarn.scheduler.fair.allocation.file</name>
    <value>${yarn.home.dir}/etc/hadoop/fairscheduler.xml</value>
  </property>

  <property>
    <description>List of directories to store localized files in. An 
      application's localized file directory will be found in:
      ${yarn.nodemanager.local-dirs}/usercache/${user}/appcache/application_${appid}.
      Individual containers' work directories, called container_${contid}, will
      be subdirectories of this.
   </description>
    <name>yarn.nodemanager.local-dirs</name>
    <value>/home/dongxicheng/hadoop/yarn/local</value>
  </property>

  <property>
    <description>Whether to enable log aggregation</description>
    <name>yarn.log-aggregation-enable</name>
    <value>true</value>
  </property>

  <property>
    <description>Where to aggregate logs to.</description>
    <name>yarn.nodemanager.remote-app-log-dir</name>
    <value>/tmp/logs</value>
  </property>

  <property>
    <description>Amount of physical memory, in MB, that can be allocated 
    for containers.</description>
    <name>yarn.nodemanager.resource.memory-mb</name>
    <value>30720</value>
  </property>

  <property>
    <description>Number of CPU cores that can be allocated 
    for containers.</description>
    <name>yarn.nodemanager.resource.cpu-vcores</name>
    <value>12</value>
  </property>

  <property>
    <description>the valid service name should only contain a-zA-Z0-9_ and can not start with numbers</description>
    <name>yarn.nodemanager.aux-services</name>
    <value>mapreduce_shuffle</value>
  </property>
  
</configuration>
